company_name,year,Net Revenue,Cost of Goods,SG&A,Operating Profit,Net Profit,Inventory,Current Assets,Total Assets,Current Liabilities,Total Shareholder Equity,Total Liabilities and Shareholder Equity
walmart,2024,648125000.0,490142000.0,130971000.0,27012000.0,16270000.0,54892000.0,76877000.0,252399000.0,92415000.0,83861000.0,252399000.0
walmart,2023,611289000.0,463721000.0,127140000.0,20428000.0,11680000.0,56576000.0,75655000.0,243197000.0,92198000.0,76693000.0,243197000.0
walmart,2022,572754000.0,429000000.0,117812000.0,25942000.0,13940000.0,56511000.0,81070000.0,244860000.0,87379000.0,91891000.0,244860000.0
walmart,2021,559151000.0,420315000.0,116288000.0,22548000.0,13706000.0,44949000.0,90067000.0,252496000.0,92645000.0,87531000.0,252496000.0
walmart,2020,523964000.0,394605000.0,108791000.0,20568000.0,14881000.0,44435000.0,61806000.0,236495000.0,77790000.0,74669000.0,236495000.0
walmart,2019,514405000.0,385301000.0,107147000.0,21957000.0,6670000.0,44269000.0,61897000.0,219295000.0,77477000.0,79634000.0,219295000.0
target,2024,107412000.0,77736000.0,21554000.0,5707000.0,4138000.0,11886000.0,17498000.0,55356000.0,19304000.0,13432000.0,55356000.0
target,2023,109120000.0,82229000.0,20658000.0,3848000.0,2780000.0,13499000.0,17846000.0,53335000.0,19500000.0,11232000.0,53335000.0
target,2022,106005000.0,74963000.0,19752000.0,8946000.0,6946000.0,13902000.0,21573000.0,53811000.0,21747000.0,12827000.0,53811000.0
target,2021,93561000.0,66177000.0,18615000.0,6539000.0,4368000.0,10653000.0,20756000.0,51248000.0,20125000.0,14440000.0,51248000.0
target,2020,78112000.0,54864000.0,16233000.0,4658000.0,3281000.0,8992000.0,12902000.0,42779000.0,14487000.0,11833000.0,42779000.0
target,2019,75356000.0,53299000.0,15723000.0,4110000.0,2937000.0,9497000.0,12519000.0,41290000.0,15014000.0,11297000.0,41290000.0
dollar_general,2024,38691609.0,26972585.0,9272724.0,2446300.0,1661274.0,6994266.0,8010724.0,30795591.0,6725701.0,6749119.0,30795591.0
dollar_general,2023,37844863.0,26024765.0,8491796.0,3328302.0,2415989.0,6760733.0,7581009.0,29083367.0,5887768.0,5541772.0,29083367.0
dollar_general,2022,34220449.0,23407443.0,7592331.0,3220675.0,2399232.0,5614325.0,6303843.0,26327371.0,5979357.0,6261986.0,26327371.0
dollar_general,2021,33746839.0,23027977.0,7164097.0,3554765.0,2655050.0,5247477.0,6914219.0,25862624.0,5710783.0,6661238.0,25862624.0
dollar_general,2020,27753973.0,19264912.0,6186757.0,2302304.0,1712555.0,4676848.0,5177868.0,22825084.0,4543560.0,6702500.0,22825084.0
dollar_general,2019,25625043.0,17821173.0,5687564.0,2116306.0,1589472.0,4097004.0,4663020.0,13204038.0,3015857.0,6417393.0,13204038.0
dollar_tree,2024,30603800.0,21272000.0,10213600.0,-881800.0,-998400.0,5112800.0,6132700.0,22023500.0,4696700.0,7313100.0,22023500.0
dollar_tree,2023,28331700.0,19396300.0,6699100.0,2236300.0,1615400.0,5449300.0,6367100.0,23022100.0,4225200.0,8751500.0,23022100.0
dollar_tree,2022,26321200.0,18583900.0,5925900.0,1811400.0,1327900.0,4367300.0,5609200.0,21721800.0,4176600.0,7718500.0,21721800.0
dollar_tree,2021,25509300.0,17721000.0,5900400.0,1887900.0,1341900.0,3427000.0,5050800.0,20696000.0,3730300.0,7285300.0,20696000.0
dollar_tree,2020,23610800.0,16570100.0,5778500.0,1262200.0,827000.0,3522000.0,4269400.0,19574600.0,3546500.0,6254800.0,19574600.0
dollar_tree,2019,22823300.0,15875800.0,7887000.0,-939500.0,-1590800.0,3536000.0,4293300.0,13501200.0,2095700.0,5642900.0,13501200.0
five_below,2024,3559369.0,2285544.0,757507.0,385571.0,301106.0,584627.0,1203542.0,3872037.0,715926.0,1584956.0,3872037.0
five_below,2023,3076308.0,1980817.0,750448.0,345043.0,261528.0,527720.0,1066379.0,3324911.0,602560.0,1361929.0,3324911.0
five_below,2022,2848354.0,1817910.0,650564.0,379880.0,278810.0,455104.0,904739.0,2880460.0,586901.0,1120284.0,2880460.0
five_below,2021,1962137.0,1309807.0,497527.0,154803.0,123361.0,281267.0,755413.0,2314770.0,435670.0,881886.0,2314770.0
five_below,2020,1846730.0,1172764.0,456682.0,217284.0,175056.0,324028.0,665713.0,1958661.0,351345.0,759778.0,1958661.0
five_below,2019,1559563.0,994478.0,377901.0,187184.0,149645.0,243636.0,642257.0,952264.0,253105.0,615094.0,952264.0
costco,2024,254453000.0,222358000.0,22810000.0,9285000.0,7367000.0,18647000.0,34246000.0,69831000.0,35464000.0,23622000.0,69831000.0
costco,2023,242290000.0,212586000.0,21590000.0,8114000.0,6292000.0,16651000.0,35879000.0,68994000.0,33583000.0,25058000.0,68994000.0
costco,2022,222730000.0,199382000.0,19779000.0,7793000.0,5844000.0,17907000.0,32696000.0,64166000.0,31998000.0,20647000.0,64166000.0
costco,2021,195929000.0,170684000.0,18461000.0,6708000.0,5007000.0,14215000.0,29505000.0,59268000.0,29441000.0,17564000.0,59268000.0
costco,2020,166761000.0,144939000.0,16332000.0,5435000.0,4002000.0,12242000.0,28120000.0,55556000.0,24844000.0,18705000.0,55556000.0
costco,2019,34740000.0,30233000.0,3371000.0,1122000.0,906000.0,11395000.0,23485000.0,45400000.0,23237000.0,15584000.0,45400000.0
ross,2024,20376941.0,14801601.0,3267677.0,2471781.0,1874520.0,2192220.0,7398138.0,14300109.0,4185796.0,4871326.0,14300109.0
ross,2023,18695829.0,13946230.0,2759268.0,1987489.0,1512041.0,2023495.0,6904719.0,13416463.0,3636246.0,4288583.0,13416463.0
ross,2022,18916244.0,13708907.0,2874469.0,2258540.0,1722589.0,2262273.0,7473176.0,13640256.0,4214929.0,4060050.0,13640256.0
ross,2021,12531565.0,9838574.0,2503281.0,106297.0,85382.0,1508982.0,6692491.0,12717867.0,3967033.0,3290640.0,12717867.0
ross,2020,16039073.0,11536187.0,2356704.0,2164288.0,1660928.0,1832339.0,3432828.0,9348367.0,2701934.0,3359249.0,9348367.0
ross,2019,14983541.0,10726277.0,2216550.0,2050876.0,1587457.0,1750442.0,3404019.0,6073691.0,2009484.0,3305746.0,6073691.0
burlington,2023,8702604.0,5171715.0,2877356.0,307509.0,230123.0,1181982.0,2283792.0,7269597.0,1911951.0,794905.0,7269597.0
burlington,2022,9322256.0,5436155.0,2868527.0,545298.0,408839.0,1021009.0,2547644.0,7089513.0,1947647.0,760417.0,7089513.0
burlington,2021,5763980.0,3555024.0,2326928.0,-437623.0,-216499.0,740788.0,2510616.0,6781092.0,1683996.0,464754.0,6781092.0
burlington,2020,7286398.0,4228740.0,2228178.0,580525.0,465116.0,777248.0,1417371.0,5593859.0,1461901.0,528149.0,5593859.0
burlington,2019,6668479.0,3868119.0,2018737.0,507584.0,414745.0,954183.0,1271900.0,3079172.0,1247742.0,322710.0,3079172.0
macys,2024,23866000.0,14143000.0,8375000.0,382000.0,105000.0,4361000.0,6089000.0,16246000.0,4430000.0,4137000.0,16246000.0
macys,2023,25305000.0,15306000.0,8317000.0,1730000.0,1177000.0,4267000.0,5853000.0,16866000.0,4861000.0,4082000.0,16866000.0
macys,2022,25300000.0,14956000.0,8047000.0,2350000.0,1430000.0,4383000.0,6758000.0,17590000.0,5416000.0,3621000.0,17590000.0
macys,2021,17346000.0,12286000.0,6767000.0,-4475000.0,-3944000.0,3774000.0,6184000.0,17706000.0,5357000.0,2553000.0,17706000.0
macys,2020,24560000.0,15171000.0,8998000.0,970000.0,564000.0,5188000.0,6810000.0,21172000.0,5750000.0,6377000.0,21172000.0
macys,2019,24971000.0,15215000.0,9039000.0,1738000.0,1108000.0,5263000.0,7445000.0,19194000.0,5232000.0,6436000.0,19194000.0
nordstrom,2024,14693000.0,9303000.0,4855000.0,251000.0,134000.0,1888000.0,3136000.0,8444000.0,3072000.0,848000.0,8444000.0
nordstrom,2023,15530000.0,10019000.0,5046000.0,465000.0,245000.0,1941000.0,3209000.0,8745000.0,2990000.0,739000.0,8745000.0
nordstrom,2022,14789000.0,9344000.0,4953000.0,492000.0,178000.0,2289000.0,3172000.0,8869000.0,3314000.0,581000.0,8869000.0
nordstrom,2021,10715000.0,7600000.0,4162000.0,-1047000.0,-690000.0,1863000.0,3642000.0,9538000.0,4120000.0,305000.0,9538000.0
nordstrom,2020,15524000.0,9932000.0,4808000.0,784000.0,496000.0,1920000.0,3230000.0,9737000.0,3520000.0,979000.0,9737000.0
nordstrom,2019,15860000.0,10155000.0,4868000.0,837000.0,564000.0,1978000.0,3374000.0,7886000.0,3381000.0,873000.0,7886000.0
dillards,2023,6996215.0,3983598.0,1674317.0,1109467.0,891637.0,1120208.0,2071846.0,3329150.0,858961.0,1598638.0,3329150.0
dillards,2022,6624267.0,3747665.0,1536554.0,1088363.0,862473.0,1080178.0,1914651.0,3245557.0,966186.0,1451218.0,3245557.0
dillards,2021,4433185.0,3069063.0,1211483.0,-153404.0,-71654.0,1087763.0,1661940.0,3092515.0,772877.0,1441008.0,3092515.0
dillards,2020,6343211.0,4235978.0,1691017.0,133891.0,111081.0,1465007.0,1848082.0,3430257.0,930820.0,1623259.0,3430257.0
dillards,2019,6503349.0,4291520.0,1691180.0,207962.0,170263.0,1528417.0,1770532.0,3431369.0,933535.0,1678381.0,3431369.0
kohls,2024,17476000.0,10498000.0,5512000.0,717000.0,317000.0,2880000.0,3410000.0,14009000.0,2612000.0,3893000.0,14009000.0
kohls,2023,18098000.0,11457000.0,5587000.0,246000.0,-19000.0,3189000.0,3736000.0,14345000.0,3115000.0,3763000.0,14345000.0
kohls,2022,19433000.0,11437000.0,5478000.0,1680000.0,938000.0,3067000.0,5023000.0,15054000.0,3286000.0,4661000.0,15054000.0
kohls,2021,15031000.0,10360000.0,5021000.0,-262000.0,-163000.0,2590000.0,5835000.0,15337000.0,3022000.0,5196000.0,15337000.0
kohls,2020,19974000.0,12140000.0,5705000.0,1099000.0,691000.0,3537000.0,4649000.0,14555000.0,2769000.0,5450000.0,14555000.0
kohls,2019,20229000.0,12199000.0,5601000.0,1361000.0,801000.0,3475000.0,4835000.0,12469000.0,2730000.0,5527000.0,12469000.0
amazon,2024,574785000.0,304739000.0,56186000.0,36852000.0,30425000.0,33318000.0,172351000.0,527854000.0,164917000.0,201875000.0,527854000.0
amazon,2023,513983000.0,288831000.0,54129000.0,12248000.0,-2722000.0,34405000.0,146791000.0,462675000.0,155393000.0,146043000.0,462675000.0
amazon,2022,469822000.0,272344000.0,41374000.0,24879000.0,33364000.0,32640000.0,161580000.0,420549000.0,142266000.0,138245000.0,420549000.0
amazon,2021,386064000.0,233307000.0,7268000.0,22899000.0,21331000.0,23795000.0,132733000.0,321195000.0,126385000.0,93404000.0,321195000.0
wayfair,2024,12003000.0,8336000.0,2447000.0,-813000.0,-738000.0,75000.0,1855000.0,3474000.0,2183000.0,-2707000.0,3474000.0
wayfair,2023,12218000.0,8802000.0,2625000.0,-1384000.0,-1331000.0,90000.0,1933000.0,3580000.0,2072000.0,-2550000.0,3580000.0
wayfair,2022,13708000.0,9813000.0,2015000.0,-94000.0,-131000.0,69000.0,3012000.0,4570000.0,2217000.0,-1619000.0,4570000.0
wayfair,2021,14145156.0,10032985.0,1830090.0,360349.0,184996.0,52152.0,3045802.0,4569929.0,2165594.0,-1191897.0,4569929.0
wayfair,2020,9127057.0,6979725.0,3077273.0,-929941.0,-984584.0,61692.0,1377138.0,2953048.0,1611519.0,-944208.0,2953048.0
wayfair,2019,6779174.0,5192451.0,2060002.0,-473279.0,-504080.0,46164.0,1255936.0,1890850.0,1139223.0,-330721.0,1890850.0
chewy,2024,11147720.0,7986202.0,2442683.0,-23625.0,39580.0,719273.0,2104348.0,3186851.0,2110877.0,510244.0,3186851.0
chewy,2023,10098939.0,7268034.0,2125766.0,55753.0,49232.0,675520.0,1520321.0,2515076.0,1769349.0,213957.0,2515076.0
chewy,2022,8890773.0,6517191.0,1826858.0,-72178.0,-73817.0,560430.0,1323532.0,2086281.0,1644879.0,14736.0,2086281.0
chewy,2021,7146264.0,5325457.0,1397969.0,-90464.0,-92486.0,513304.0,1226778.0,1740910.0,1380862.0,-2004.0,1740910.0
chewy,2020,4846743.0,3702683.0,969890.0,-252726.0,-252370.0,317808.0,629789.0,932321.0,1100538.0,-403974.0,932321.0
ulta_beauty,2024,11207303.0,6826203.0,2694561.0,1678029.0,1291005.0,1742136.0,2836518.0,5707011.0,1658191.0,2279328.0,5707011.0
ulta_beauty,2023,10208580.0,6164070.0,2395299.0,1638610.0,1242408.0,1603451.0,2709304.0,5370411.0,1681775.0,1959811.0,5370411.0
ulta_beauty,2022,8630889.0,5262335.0,2061545.0,1297492.0,985837.0,1499218.0,2281183.0,4764379.0,1558010.0,1535373.0,4764379.0
ulta_beauty,2021,6151953.0,4202794.0,1583017.0,236820.0,175835.0,1168215.0,2514777.0,5089969.0,1343713.0,1999549.0,5089969.0
ulta_beauty,2020,7398068.0,4717004.0,1760716.0,901094.0,705945.0,1293701.0,2055317.0,4863872.0,1137261.0,1902094.0,4863872.0
ulta_beauty,2019,6716615.0,4307304.0,1535464.0,854080.0,658559.0,1214329.0,1914861.0,3191172.0,823736.0,1820218.0,3191172.0
bbb,2023,5344685.0,4129802.0,2372969.0,-2775639.0,-3498801.0,817553.0,1096909.0,2225217.0,2495884.0,-2800008.0,2225217.0
bbb,2022,7867778.0,5384287.0,2692292.0,-407578.0,-559623.0,1725410.0,2363154.0,5130572.0,2074787.0,174145.0,5130572.0
bbb,2021,9233028.0,6114947.0,3224363.0,-336887.0,-150773.0,1671909.0,3620045.0,6456930.0,2294921.0,1276936.0,6456930.0
bbb,2020,11158580.0,7616920.0,3732498.0,-700064.0,-613816.0,2093869.0,3826285.0,7790515.0,2466526.0,1764935.0,7790515.0
bbb,2019,12028797.0,7924817.0,3681210.0,-87135.0,-137224.0,2618922.0,3909972.0,6570541.0,2077632.0,2560331.0,6570541.0
victorias_secret,2024,6182000.0,3940000.0,1996000.0,246000.0,109000.0,985000.0,1533000.0,4600000.0,1614000.0,417000.0,4600000.0
victorias_secret,2023,6344000.0,4086000.0,1780000.0,478000.0,348000.0,1052000.0,1737000.0,4711000.0,1579000.0,401000.0,4711000.0
victorias_secret,2022,6785000.0,4025000.0,1890000.0,870000.0,646000.0,949000.0,1691000.0,4344000.0,1698000.0,257000.0,4344000.0
signet_jewelers,2024,7171100.0,4345700.0,2197700.0,621500.0,775900.0,1936600.0,3536600.0,6813200.0,1976000.0,2166500.0,6813200.0
signet_jewelers,2023,7842100.0,4790000.0,2214600.0,604900.0,376700.0,2150300.0,3507100.0,6620400.0,2248100.0,1578600.0,6620400.0
signet_jewelers,2022,7826000.0,4702000.0,2230900.0,903400.0,769900.0,2060400.0,3730400.0,6575100.0,2070700.0,1564000.0,6575100.0
signet_jewelers,2021,5226900.0,3493000.0,1587400.0,-57700.0,-15200.0,2032500.0,3582000.0,6178900.0,1998700.0,1190300.0,6178900.0
signet_jewelers,2020,6137100.0,3904200.0,1918200.0,158300.0,105500.0,2331700.0,3154800.0,6299100.0,1652600.0,1222600.0,6299100.0
signet_jewelers,2019,6247100.0,4024100.0,1985100.0,-764600.0,-657400.0,2386900.0,2855800.0,4420100.0,1033000.0,1201600.0,4420100.0
tapestry,2024,6671200.0,1781700.0,3749400.0,1140100.0,816000.0,824800.0,8803700.0,13396300.0,1711600.0,2896900.0,13396300.0
tapestry,2023,6660900.0,1946000.0,3542500.0,1172400.0,936000.0,919500.0,2363500.0,7116800.0,1286500.0,2277800.0,7116800.0
tapestry,2022,6684500.0,2034100.0,3474600.0,1175800.0,856300.0,994200.0,2573800.0,7265300.0,1468800.0,2285500.0,7265300.0
tapestry,2021,5746300.0,1664400.0,3113900.0,968000.0,834200.0,734800.0,3375300.0,8382400.0,1425800.0,3259300.0,8382400.0
tapestry,2020,4961400.0,1722100.0,3312400.0,-550800.0,-652100.0,736900.0,2553100.0,7924200.0,1742100.0,2276400.0,7924200.0
tapestry,2019,6027100.0,1973400.0,3239600.0,814100.0,643400.0,778300.0,2556800.0,6877300.0,918000.0,3513400.0,6877300.0
capri_holdings,2024,5170000.0,1831000.0,2784000.0,-241000.0,-229000.0,862000.0,1608000.0,6689000.0,1695000.0,1600000.0,6689000.0
capri_holdings,2023,5619000.0,1895000.0,2708000.0,679000.0,619000.0,1057000.0,1870000.0,7295000.0,1450000.0,1849000.0,7295000.0
capri_holdings,2022,5654000.0,1910000.0,2533000.0,903000.0,823000.0,1096000.0,1891000.0,7480000.0,1566000.0,2558000.0,7480000.0
capri_holdings,2021,4060000.0,1463000.0,2018000.0,19000.0,-63000.0,736000.0,1546000.0,7481000.0,1621000.0,2157000.0,7481000.0
capri_holdings,2020,5551000.0,2280000.0,2464000.0,-192000.0,-225000.0,827000.0,1894000.0,7946000.0,1401000.0,2168000.0,7946000.0
capri_holdings,2019,5238000.0,2058000.0,2075000.0,735000.0,543000.0,953000.0,1729000.0,6650000.0,1542000.0,2432000.0,6650000.0
lululemon,2024,9619278.0,4009873.0,3397218.0,2132676.0,1550190.0,1323602.0,4060577.0,7091941.0,1631261.0,4232081.0,7091941.0
lululemon,2023,8110518.0,3618178.0,2757447.0,1328408.0,854800.0,1447367.0,3159453.0,5607038.0,1492198.0,3148799.0,5607038.0
lululemon,2022,6256617.0,2648052.0,2225034.0,1333355.0,975322.0,966481.0,2614853.0,4942478.0,1405334.0,2740046.0,4942478.0
lululemon,2021,4401879.0,1937888.0,1609003.0,819986.0,588913.0,647230.0,2124379.0,4185215.0,883178.0,2558566.0,4185215.0
lululemon,2020,3979296.0,1755910.0,1334276.0,889110.0,645596.0,518513.0,1807938.0,3281354.0,620418.0,1952218.0,3281354.0
lululemon,2019,3288319.0,1472032.0,1110451.0,705836.0,483801.0,404842.0,1429282.0,2084711.0,500477.0,1445975.0,2084711.0
boot_barn,2024,1667009.0,1052585.0,416210.0,198214.0,146996.0,599120.0,729649.0,1705592.0,312808.0,943643.0,1705592.0
boot_barn,2023,1657615.0,1047043.0,378785.0,231787.0,170553.0,589494.0,669173.0,1517381.0,374842.0,776450.0,1517381.0
boot_barn,2022,1488256.0,913183.0,316735.0,258338.0,192450.0,474300.0,541831.0,1199855.0,336468.0,599676.0,1199855.0
boot_barn,2021,893491.0,598612.0,208553.0,86326.0,59386.0,275760.0,374456.0,933581.0,221656.0,394891.0,933581.0
boot_barn,2020,845575.0,569084.0,202823.0,73668.0,47949.0,288717.0,384651.0,924711.0,312625.0,321693.0,924711.0
boot_barn,2019,776854.0,525420.0,187112.0,64322.0,39022.0,240734.0,277343.0,636075.0,151943.0,264164.0,636075.0
footlocker,2023,8759000.0,5955000.0,1903000.0,581000.0,341000.0,1643000.0,2521000.0,7907000.0,1610000.0,3293000.0,7907000.0
footlocker,2022,8958000.0,5878000.0,1851000.0,860000.0,892000.0,1266000.0,2363000.0,8135000.0,1735000.0,3243000.0,8135000.0
footlocker,2021,7548000.0,5365000.0,1587000.0,303000.0,323000.0,923000.0,2835000.0,7043000.0,1644000.0,2776000.0,7043000.0
footlocker,2020,8005000.0,5462000.0,1650000.0,649000.0,491000.0,1208000.0,2386000.0,6589000.0,1194000.0,2473000.0,6589000.0
footlocker,2019,7939000.0,5411000.0,1614000.0,699000.0,541000.0,1269000.0,2518000.0,3820000.0,764000.0,2506000.0,3820000.0
nike,2024,51362000.0,28475000.0,16576000.0,6700000.0,5700000.0,7519000.0,25382000.0,38110000.0,10593000.0,14430000.0,38110000.0
nike,2023,51217000.0,28925000.0,16377000.0,6201000.0,5070000.0,8454000.0,25202000.0,37531000.0,9256000.0,14004000.0,37531000.0
nike,2022,46710000.0,25231000.0,14804000.0,6651000.0,6046000.0,8420000.0,28213000.0,40321000.0,10730000.0,15281000.0,40321000.0
nike,2021,44538000.0,24576000.0,13025000.0,6661000.0,5727000.0,6854000.0,26291000.0,37740000.0,9674000.0,12767000.0,37740000.0
nike,2020,37403000.0,21162000.0,13126000.0,2887000.0,2539000.0,7367000.0,20556000.0,31342000.0,8284000.0,8055000.0,31342000.0
nike,2019,39117000.0,21643000.0,12702000.0,4801000.0,4029000.0,5622000.0,16525000.0,23717000.0,7866000.0,9040000.0,23717000.0
af,2024,4280677.0,1587265.0,642877.0,484671.0,335413.0,469466.0,1537265.0,2974233.0,966820.0,1049987.0,2974233.0
af,2020,3623073.0,1472155.0,464615.0,70068.0,44960.0,434326.0,1264749.0,3549665.0,815354.0,1058810.0,3549665.0
af,2019,3590109.0,1430193.0,484863.0,127366.0,78808.0,437879.0,1335950.0,2385593.0,558917.0,1218621.0,2385593.0
american_eagle,2024,5261770.0,3237192.0,1433300.0,222717.0,170038.0,640662.0,1433350.0,3557909.0,891172.0,1736759.0,3557909.0
american_eagle,2023,4989833.0,3244585.0,1269095.0,247047.0,125136.0,585083.0,1100241.0,3420956.0,768948.0,1599163.0,3420956.0
american_eagle,2022,5010785.0,3018995.0,1222000.0,591065.0,419629.0,553458.0,1396924.0,3786643.0,842871.0,1423672.0,3786643.0
american_eagle,2021,3759113.0,2610966.0,977264.0,-271345.0,-209274.0,405445.0,1522643.0,3434806.0,858482.0,1086665.0,3434806.0
american_eagle,2020,4308212.0,2785911.0,1029412.0,233345.0,191257.0,446278.0,1047930.0,3328679.0,751756.0,1247853.0,3328679.0
american_eagle,2019,4035720.0,2548082.0,980610.0,337129.0,261902.0,424404.0,1046253.0,1903378.0,542645.0,1287555.0,1903378.0
urban_outfitters,2024,5153237.0,3447833.0,1339205.0,369795.0,287674.0,550242.0,1282503.0,4111209.0,994205.0,2112540.0,4111209.0
urban_outfitters,2023,4795244.0,3361611.0,1200593.0,226623.0,159699.0,587510.0,1237719.0,3682912.0,890374.0,1792683.0,3682912.0
urban_outfitters,2022,4548763.0,3054813.0,1085384.0,408566.0,310616.0,569699.0,1285747.0,3791347.0,981473.0,1745740.0,3791347.0
urban_outfitters,2021,3449749.0,2572347.0,857934.0,3972.0,1236.0,389618.0,1223332.0,3546345.0,906132.0,1477358.0,3546345.0
urban_outfitters,2020,3983789.0,2729352.0,993990.0,231925.0,168096.0,409534.0,1053396.0,3315633.0,638770.0,1455355.0,3315633.0
urban_outfitters,2019,3950623.0,2603911.0,965399.0,381313.0,298003.0,370507.0,1202756.0,2160515.0,386644.0,1489098.0,2160515.0
gap,2024,14889000.0,9114000.0,5215000.0,560000.0,502000.0,1995000.0,4395000.0,11044000.0,3096000.0,2595000.0,11044000.0
gap,2023,15616000.0,10257000.0,5428000.0,-69000.0,-202000.0,2389000.0,4617000.0,11386000.0,3256000.0,2233000.0,11386000.0
gap,2022,16670000.0,10033000.0,5827000.0,810000.0,256000.0,3018000.0,5165000.0,12761000.0,4077000.0,2722000.0,12761000.0
gap,2021,13800000.0,9095000.0,5567000.0,-862000.0,-665000.0,2451000.0,6008000.0,13769000.0,3884000.0,2614000.0,13769000.0
gap,2020,16383000.0,10250000.0,5559000.0,574000.0,351000.0,2156000.0,4516000.0,13679000.0,3209000.0,3316000.0,13679000.0
gap,2019,16580000.0,10258000.0,4960000.0,1362000.0,1003000.0,2131000.0,4251000.0,8049000.0,2174000.0,3553000.0,8049000.0
levi,2024,6179000.0,2663300.0,3072200.0,353300.0,249600.0,1290100.0,2637600.0,6053600.0,1787500.0,2046400.0,6053600.0
levi,2023,6168600.0,2619800.0,2893200.0,646500.0,569100.0,1416800.0,2827900.0,6037800.0,1981600.0,1903700.0,6037800.0
levi,2022,5763936.0,2417225.0,2652213.0,686211.0,553541.0,897950.0,2709901.0,5900069.0,1869618.0,1665661.0,5900069.0
levi,2021,4452609.0,2099685.0,2347628.0,-85119.0,-127141.0,817692.0,3126241.0,5641241.0,1548882.0,1299475.0,5641241.0
levi,2020,5763087.0,2661714.0,2534698.0,566675.0,394612.0,884192.0,2870186.0,4232418.0,1167204.0,1571557.0,4232418.0
levi,2019,5575440.0,2577465.0,2460915.0,537060.0,283142.0,883773.0,2288059.0,3542660.0,1052199.0,667459.0,3542660.0
dicks,2024,12984400.0,8450664.0,3204108.0,1282365.0,1046519.0,2848797.0,4890049.0,9311752.0,2752394.0,2617281.0,9311752.0
dicks,2023,12368200.0,8083640.0,2805462.0,1463019.0,1043138.0,2830917.0,4963186.0,8992196.0,2641446.0,2524623.0,8992196.0
dicks,2022,12293400.0,7581482.0,2664083.0,2034503.0,1519871.0,2297609.0,5106656.0,9041676.0,2712680.0,2101586.0,9041676.0
dicks,2021,9584000.0,6533312.0,2298534.0,741477.0,530251.0,1953568.0,3759650.0,7752859.0,2550198.0,2339534.0,7752859.0
dicks,2020,8750700.0,6196185.0,2173677.0,375613.0,297462.0,2202275.0,2410016.0,6628560.0,2076474.0,1731598.0,6628560.0
dicks,2019,8436570.0,5998788.0,1986576.0,444733.0,319864.0,1824696.0,2122398.0,4187149.0,1504639.0,1904161.0,4187149.0
academy_sports,2024,6159291.0,4049080.0,1432356.0,677855.0,519190.0,1194159.0,1644900.0,4676713.0,879858.0,1954650.0,4676713.0
academy_sports,2023,6395073.0,4182571.0,1365953.0,846549.0,628001.0,1283517.0,1686675.0,4595439.0,1038716.0,1628306.0,4595439.0
academy_sports,2022,6773128.0,4422033.0,1443148.0,907947.0,671381.0,1171808.0,1715747.0,4584940.0,1127110.0,1466946.0,4584940.0
academy_sports,2021,5689233.0,3955188.0,1313647.0,420398.0,308764.0,990034.0,1415020.0,4384482.0,1167093.0,1111983.0,4384482.0
best_buy,2024,43452000.0,33849000.0,7876000.0,1574000.0,1241000.0,4958000.0,7897000.0,14967000.0,7909000.0,3053000.0,14967000.0
best_buy,2023,46298000.0,36386000.0,7970000.0,1795000.0,1419000.0,5140000.0,8802000.0,15803000.0,8979000.0,2795000.0,15803000.0
best_buy,2022,51761000.0,40121000.0,8635000.0,3039000.0,2454000.0,5965000.0,10539000.0,17504000.0,10674000.0,3020000.0,17504000.0
best_buy,2021,47262000.0,36689000.0,7928000.0,2391000.0,1798000.0,5612000.0,12540000.0,19067000.0,10521000.0,4587000.0,19067000.0
best_buy,2020,43638000.0,33590000.0,7998000.0,2009000.0,1541000.0,5174000.0,8857000.0,15591000.0,8060000.0,3479000.0,15591000.0
best_buy,2019,42879000.0,32918000.0,8015000.0,1900000.0,1464000.0,5409000.0,8870000.0,12901000.0,7513000.0,3306000.0,12901000.0
yeti,2024,1658713.0,715527.0,717728.0,225458.0,169885.0,337208.0,914405.0,1297192.0,398353.0,723610.0,1297192.0
yeti,2023,1410989.0,594876.0,541175.0,274938.0,212602.0,318864.0,770167.0,1096364.0,403713.0,517823.0,1096364.0
yeti,2022,1410989.0,594876.0,541175.0,274938.0,212602.0,318864.0,770167.0,1096364.0,403713.0,517823.0,1096364.0
yeti,2021,1091721.0,462918.0,414570.0,214233.0,155801.0,140111.0,476497.0,737067.0,287759.0,288418.0,737067.0
yeti,2020,913734.0,438420.0,385543.0,89771.0,50434.0,185700.0,360547.0,629539.0,170312.0,122005.0,629539.0
yeti,2019,778833.0,395705.0,280972.0,102156.0,57763.0,145423.0,297013.0,514213.0,187338.0,28971.0,514213.0
rh,2024,3029126.0,1640107.0,1022948.0,366071.0,127561.0,754126.0,1101902.0,4143897.0,872868.0,-297394.0,4143897.0
rh,2023,3590477.0,1778492.0,1089828.0,722157.0,528642.0,801841.0,2512664.0,5309289.0,885973.0,784661.0,5309289.0
rh,2022,3758820.0,1903409.0,928230.0,927181.0,688546.0,734289.0,3091442.0,5540470.0,1063758.0,1170277.0,5540470.0
rh,2021,2848626.0,1523095.0,858673.0,466858.0,271815.0,544227.0,801484.0,2898313.0,921632.0,447026.0,2898313.0
rh,2020,2647437.0,1552426.0,732180.0,362831.0,220375.0,438696.0,596952.0,2445694.0,982912.0,18651.0,2445694.0
rh,2019,2505653.0,1504806.0,711617.0,289230.0,150639.0,531947.0,682693.0,1806034.0,918172.0,-22962.0,1806034.0
william_sonoma,2024,7750652.0,4447051.0,2059408.0,1244193.0,949762.0,1246369.0,2719797.0,5273548.0,1880315.0,2127861.0,5273548.0
william_sonoma,2023,8674417.0,4996684.0,2179311.0,1498422.0,1127904.0,1456123.0,2036080.0,4663016.0,1636451.0,1701051.0,4663016.0
william_sonoma,2022,8245936.0,4613973.0,2178847.0,1453116.0,1126337.0,1246372.0,2323894.0,4625620.0,1771686.0,1664207.0,4625620.0
william_sonoma,2021,6783189.0,4146920.0,1725572.0,910697.0,680714.0,1006299.0,2467080.0,4661424.0,1848000.0,1651185.0,4661424.0
william_sonoma,2020,5898008.0,3758916.0,1673218.0,465874.0,356062.0,1100544.0,1755635.0,4054042.0,1609555.0,1235860.0,4054042.0
william_sonoma,2019,5671593.0,3570580.0,1665060.0,435953.0,333684.0,1124992.0,1694343.0,2812844.0,1074812.0,1155714.0,2812844.0
home_depot,2024,152669000.0,101709000.0,26598000.0,21689000.0,15143000.0,20976000.0,29775000.0,76530000.0,22015000.0,1044000.0,76530000.0
home_depot,2023,157403000.0,104625000.0,26284000.0,24039000.0,17105000.0,24886000.0,32471000.0,76445000.0,23110000.0,1562000.0,76445000.0
home_depot,2022,151157000.0,100325000.0,25406000.0,23040000.0,16433000.0,22068000.0,29055000.0,71876000.0,28693000.0,-1696000.0,71876000.0
home_depot,2021,132110000.0,87257000.0,24447000.0,18278000.0,12866000.0,16627000.0,28477000.0,70581000.0,23166000.0,3299000.0,70581000.0
home_depot,2020,110225000.0,72653000.0,19740000.0,15843000.0,11242000.0,14531000.0,19810000.0,51236000.0,18375000.0,-3116000.0,51236000.0
home_depot,2019,108203000.0,71043000.0,19513000.0,15530000.0,11121000.0,13925000.0,18529000.0,44003000.0,16716000.0,-1878000.0,44003000.0
lowes,2024,86377000.0,57533000.0,15570000.0,11557000.0,7726000.0,16894000.0,19071000.0,41795000.0,15568000.0,-15050000.0,41795000.0
lowes,2023,97059000.0,64802000.0,20332000.0,10159000.0,6437000.0,18532000.0,21442000.0,43708000.0,19511000.0,-14254000.0,43708000.0
lowes,2022,96250000.0,64194000.0,18301000.0,12093000.0,8442000.0,17605000.0,20060000.0,44640000.0,19668000.0,-4816000.0,44640000.0
lowes,2021,89597000.0,60025000.0,18526000.0,9647000.0,5835000.0,16193000.0,22326000.0,46735000.0,18730000.0,1437000.0,46735000.0
lowes,2020,72148000.0,49205000.0,15367000.0,6314000.0,4281000.0,13179000.0,15318000.0,39471000.0,15182000.0,1972000.0,39471000.0
lowes,2019,71309000.0,48401000.0,17413000.0,4018000.0,2314000.0,12561000.0,14228000.0,34508000.0,14497000.0,3644000.0,34508000.0
tractor_supply,2024,14555741.0,9327522.0,3356258.0,1478912.0,1107226.0,2645854.0,3263939.0,9188151.0,2177082.0,2149762.0,9188151.0
tractor_supply,2023,14204717.0,9232513.0,3194199.0,1434943.0,1088712.0,2709597.0,3157775.0,8489990.0,2376212.0,2042416.0,8489990.0
tractor_supply,2022,12731105.0,8253952.0,2900297.0,1306698.0,997114.0,2191192.0,3250440.0,7767467.0,2064842.0,2002665.0,7767467.0
tractor_supply,2020,8351931.0,5480161.0,1932572.0,743220.0,562354.0,1602781.0,1787887.0,5289268.0,1247600.0,1567123.0,5289268.0
tractor_supply,2019,7911046.0,5208518.0,1823440.0,701737.0,532357.0,1589542.0,1794399.0,3085262.0,938107.0,1561820.0,3085262.0
kroger,2024,150039000.0,116675000.0,26252000.0,3096000.0,2164000.0,9414000.0,12948000.0,50505000.0,16058000.0,11601000.0,50505000.0
kroger,2023,148258000.0,116480000.0,23848000.0,4126000.0,2244000.0,7560000.0,12670000.0,49623000.0,17238000.0,10014000.0,49623000.0
kroger,2022,137888000.0,107539000.0,23203000.0,3477000.0,1655000.0,8353000.0,12174000.0,49086000.0,16323000.0,9429000.0,49086000.0
kroger,2021,132498000.0,101597000.0,24500000.0,2780000.0,2585000.0,8436000.0,12503000.0,48662000.0,15366000.0,9550000.0,48662000.0
kroger,2020,122286000.0,95294000.0,21208000.0,2251000.0,1659000.0,8464000.0,10890000.0,45256000.0,14243000.0,8573000.0,45256000.0
kroger,2019,121162000.0,94894000.0,20305000.0,2614000.0,3110000.0,8123000.0,10803000.0,38118000.0,14274000.0,7835000.0,38118000.0
albertsons,2024,79237700.0,57192000.0,19932900.0,2068900.0,1296000.0,4945200.0,6287500.0,26221100.0,7457700.0,2747500.0,26221100.0
albertsons,2023,77649700.0,55894100.0,19596000.0,2307100.0,1513500.0,4782000.0,6270400.0,26168200.0,8428800.0,1610700.0,26168200.0
albertsons,2022,71887000.0,51164600.0,18300500.0,2436900.0,1619600.0,4500800.0,8366400.0,28123000.0,8348500.0,3024600.0,28123000.0
albertsons,2021,69690400.0,49275900.0,18835800.0,1617500.0,850200.0,4301300.0,6988000.0,26598000.0,6832200.0,13243000.0,26598000.0
albertsons,2020,62455100.0,44860900.0,16641900.0,1437100.0,466400.0,4352500.0,5731300.0,24735100.0,5904300.0,2278100.0,24735100.0
albertsons,2019,60534500.0,43639900.0,16107300.0,787300.0,131100.0,4332800.0,6250000.0,20776600.0,5152700.0,1450700.0,20776600.0
walgreens,2024,147658000.0,121134000.0,28113000.0,-14076000.0,-8636000.0,8320000.0,18335000.0,81037000.0,26953000.0,10445000.0,81037000.0
walgreens,2023,139081000.0,112009000.0,34205000.0,-6882000.0,-3528000.0,8257000.0,15503000.0,96628000.0,24535000.0,20020000.0,96628000.0
walgreens,2022,132703000.0,104437000.0,27295000.0,1387000.0,4065000.0,8353000.0,16902000.0,90124000.0,22583000.0,25275000.0,90124000.0
walgreens,2021,132509000.0,104442000.0,24586000.0,2342000.0,2512000.0,8159000.0,15814000.0,81285000.0,22054000.0,23822000.0,81285000.0
walgreens,2020,139537000.0,111520000.0,27045000.0,1312000.0,456000.0,9451000.0,18073000.0,87174000.0,27070000.0,20637000.0,87174000.0
walgreens,2019,136866000.0,106790000.0,25242000.0,4998000.0,3982000.0,9333000.0,18700000.0,67598000.0,25769000.0,24152000.0,67598000.0
cvs,2024,357776000.0,217098000.0,39832000.0,13743000.0,8368000.0,18025000.0,67858000.0,249728000.0,79189000.0,76636000.0,249728000.0
cvs,2023,322467000.0,196892000.0,38212000.0,7746000.0,4165000.0,19090000.0,65682000.0,228275000.0,69736000.0,71315000.0,228275000.0
cvs,2022,292111000.0,175803000.0,37066000.0,13193000.0,7898000.0,17760000.0,60008000.0,232999000.0,67807000.0,75381000.0,232999000.0
cvs,2021,268706000.0,163981000.0,35135000.0,13911000.0,7192000.0,18496000.0,56369000.0,230715000.0,62017000.0,69701000.0,230715000.0
cvs,2020,256776000.0,158719000.0,33541000.0,11987000.0,6634000.0,17516000.0,45195000.0,216668000.0,45762000.0,58721000.0,222449000.0
cvs,2019,194579000.0,156447000.0,21368000.0,4021000.0,-594000.0,16450000.0,45243000.0,196456000.0,44009000.0,58543000.0,196456000.0
rite_aid,2023,24091899.0,19287959.0,4902087.0,-756403.0,-749936.0,1900744.0,3301047.0,7527362.0,2727875.0,-641776.0,7527362.0
rite_aid,2022,24568255.0,19461760.0,5033876.0,-542258.0,-538478.0,1959389.0,3449355.0,8529003.0,2933088.0,99033.0,8529003.0
rite_aid,2021,24043240.0,19338918.0,4657185.0,-120227.0,-90909.0,1864890.0,3595174.0,9335404.0,2602946.0,615154.0,9335404.0
rite_aid,2020,21928393.0,17201635.0,4587336.0,-81612.0,-452174.0,1921604.0,3700641.0,9452369.0,2766463.0,674527.0,9452369.0
rite_aid,2019,21639557.0,16963205.0,4592375.0,-589477.0,-422213.0,1871941.0,4101719.0,7591367.0,2443135.0,1186690.0,7591367.0
