company_name,year,reportDate,Net Revenue,Cost of Goods,SG&A,Operating Profit,Net Profit,Inventory,Current Assets,Total Assets,Current Liabilities,Total Shareholder Equity,Total Liabilities and Shareholder Equity
Walmart,2024,2024-01-31,648125000.0,490142000.0,130971000.0,27012000.0,15511000.0,54892000.0,76877000.0,252399000.0,92415000.0,83861000.0,161828000.0
Walmart,2023,2023-01-31,611289000.0,463721000.0,127140000.0,20428000.0,11680000.0,56576000.0,75655000.0,243197000.0,92198000.0,76693000.0,159206000.0
Walmart,2022,2022-01-31,572754000.0,429000000.0,117812000.0,25942000.0,13673000.0,56511000.0,81070000.0,244860000.0,87379000.0,83253000.0,152969000.0
Walmart,2021,2021-01-31,559151000.0,420315000.0,116288000.0,22548000.0,13510000.0,44949000.0,90067000.0,252496000.0,92645000.0,80925000.0,164965000.0
Target,2024,2024-01-31,107412000.0,77736000.0,21554000.0,5707000.0,4138000.0,11886000.0,17498000.0,55356000.0,19304000.0,13432000.0,41924000.0
Target,2023,2023-01-31,109120000.0,82229000.0,20658000.0,3848000.0,2780000.0,13499000.0,17846000.0,53335000.0,19500000.0,11232000.0,42103000.0
Target,2022,2022-01-31,106005000.0,74963000.0,19752000.0,8946000.0,6946000.0,13902000.0,21573000.0,53811000.0,21747000.0,12827000.0,40984000.0
Target,2021,2021-01-31,93561000.0,66177000.0,18615000.0,6539000.0,4368000.0,10653000.0,20756000.0,51248000.0,20125000.0,14440000.0,36808000.0
Dollar General,2024,2024-01-31,38691609.0,26972585.0,9272724.0,2446300.0,1661274.0,6994266.0,8010724.0,30795591.0,6725701.0,6749119.0,24046472.0
Dollar General,2023,2023-01-31,37844863.0,26024765.0,8491796.0,3328302.0,2415989.0,6760733.0,7581009.0,29083367.0,5887768.0,5541772.0,23541595.0
Dollar General,2022,2022-01-31,34220449.0,23407443.0,7592331.0,3220675.0,2399232.0,5614325.0,6303843.0,26327371.0,5979357.0,6261986.0,20065385.0
Dollar General,2021,2021-01-31,33746839.0,23027977.0,7164097.0,3554765.0,2655050.0,5247477.0,6914219.0,25862624.0,5710783.0,6661238.0,19201386.0
Dollar Tree,2024,2024-01-31,30603800.0,21272000.0,9144600.0,187200.0,-998400.0,5112800.0,6132700.0,22023500.0,4696700.0,7313100.0,14710400.0
Dollar Tree,2023,2023-01-31,28331700.0,19396300.0,6699100.0,2236300.0,1615400.0,5449300.0,6367100.0,23022100.0,4225200.0,8751500.0,14270600.0
Dollar Tree,2022,2022-01-31,26321200.0,18583900.0,5925900.0,1811400.0,1327900.0,4367300.0,5609200.0,21721800.0,4176600.0,7718500.0,14003300.0
Dollar Tree,2021,2021-01-31,25509300.0,17721000.0,5900400.0,1887900.0,1341900.0,3427000.0,5050800.0,20696000.0,3730300.0,7285300.0,13410700.0
Five Below,2024,2024-01-31,3559369.0,2285544.0,757507.0,385571.0,301106.0,584627.0,1203542.0,3872037.0,715926.0,1584956.0,2287081.0
Five Below,2023,2023-01-31,3076308.0,1980817.0,644831.0,345043.0,261528.0,527720.0,1066379.0,3324911.0,602560.0,1361929.0,1962982.0
Five Below,2022,2022-01-31,2848354.0,1817910.0,565733.0,379880.0,278810.0,455104.0,904739.0,2880460.0,586901.0,1120284.0,1760176.0
Five Below,2021,2021-01-31,1962137.0,1309807.0,497527.0,154803.0,123361.0,281267.0,755413.0,2314770.0,435670.0,881886.0,1432884.0
Costco,2024,2024-08-31,254453000.0,222358000.0,22810000.0,9285000.0,7367000.0,18647000.0,34246000.0,69831000.0,35464000.0,23622000.0,46209000.0
Costco,2023,2023-08-31,242290000.0,212586000.0,21590000.0,8114000.0,6292000.0,16651000.0,35879000.0,68994000.0,33583000.0,25058000.0,43936000.0
Costco,2022,2022-08-31,226954000.0,199382000.0,19779000.0,7793000.0,5844000.0,17907000.0,32696000.0,64166000.0,31998000.0,20642000.0,43519000.0
Costco,2021,2021-08-31,195929000.0,170684000.0,18537000.0,6708000.0,5007000.0,14215000.0,29505000.0,59268000.0,29441000.0,17564000.0,41190000.0
BJ's,2024,2024-01-31,19968689.0,16326129.0,2822513.0,820047.0,523741.0,1454822.0,1794006.0,6677622.0,2468048.0,1458851.0,5218771.0
BJ's,2023,2023-01-31,19315165.0,15883677.0,2668569.0,762919.0,513177.0,1378551.0,1703245.0,6349956.0,2545341.0,1046837.0,5303119.0
BJ's,2022,2022-01-31,16667302.0,13588612.0,2446465.0,632225.0,426652.0,1242935.0,1517056.0,5668894.0,2002481.0,648108.0,5020786.0
BJ's,2021,2021-01-31,15430017.0,12451061.0,2326755.0,652201.0,421030.0,1205695.0,1470581.0,5411530.0,2031212.0,319327.0,5092203.0
TJ Maxx,2024,2024-01-31,54217000.0,37951000.0,10469000.0,5797000.0,4474000.0,5965000.0,12664000.0,29747000.0,10451000.0,7302000.0,22445000.0
TJ Maxx,2023,2023-01-31,49936000.0,36149000.0,8927000.0,4860000.0,3498000.0,5819000.0,12456000.0,28349000.0,10305000.0,6364000.0,21985000.0
TJ Maxx,2022,2022-01-31,48550000.0,34714000.0,9081000.0,4755000.0,3283000.0,5962000.0,13259000.0,28461000.0,10468000.0,6003000.0,22458000.0
TJ Maxx,2021,2021-01-31,32137000.0,24534000.0,7021000.0,582000.0,90000.0,4337389.0,15739337.0,30813555.0,10803668.0,5832684.0,24980871.0
Ross,2024,2024-01-31,20376941.0,14801601.0,3267677.0,2307663.0,1874520.0,2192220.0,7398138.0,14300109.0,4185796.0,4871326.0,9428783.0
Ross,2023,2023-01-31,18695829.0,13946230.0,2759268.0,1990331.0,1512041.0,2023495.0,6904719.0,13416463.0,3636246.0,4288583.0,9127880.0
Ross,2022,2022-01-31,18916244.0,13708907.0,2874469.0,2332868.0,1722589.0,2262273.0,7473176.0,13640256.0,4214929.0,4060050.0,9580206.0
Ross,2021,2021-01-31,12531565.0,9838574.0,2503281.0,189710.0,85382.0,1508982.0,6692491.0,12717867.0,3967033.0,3290640.0,9427227.0
Burlington,2024,2024-01-31,9727467.0,5584060.0,3288315.0,548028.0,339649.0,1087841.0,2327024.0,7706840.0,2028786.0,996932.0,6709908.0
Burlington,2023,2023-01-31,8702604.0,5171715.0,2877356.0,383135.0,230123.0,1181982.0,2283792.0,7269597.0,1911951.0,794905.0,6474692.0
Burlington,2022,2022-01-31,9322256.0,5436155.0,2868527.0,768357.0,408839.0,1021009.0,2547644.0,7089513.0,1947647.0,760417.0,6329096.0
Burlington,2021,2021-01-31,5763980.0,3555024.0,2326928.0,-338362.0,-216499.0,740788.0,2510616.0,6781092.0,1683996.0,464754.0,6316338.0
Macy's,2024,2024-01-31,23866000.0,14143000.0,8509000.0,1214000.0,105000.0,4361000.0,6089000.0,16246000.0,4430000.0,4137000.0,12109000.0
Macy's,2023,2023-01-31,25449000.0,15306000.0,8500000.0,1643000.0,1177000.0,4267000.0,5853000.0,16866000.0,4861000.0,4082000.0,12784000.0
Macy's,2022,2022-01-31,25399000.0,14956000.0,8250000.0,2193000.0,1430000.0,4383000.0,6758000.0,17590000.0,5416000.0,3621000.0,13969000.0
Macy's,2021,2021-01-31,18097000.0,12286000.0,6851000.0,-1040000.0,-3944000.0,3774000.0,6184000.0,17706000.0,5357000.0,2553000.0,15153000.0
Nordstrom,2024,2024-01-31,14693000.0,9303000.0,4855000.0,535000.0,134000.0,1888000.0,3136000.0,8444000.0,3072000.0,848000.0,7596000.0
Nordstrom,2023,2023-01-31,15530000.0,10019000.0,5046000.0,465000.0,245000.0,1941000.0,3209000.0,8745000.0,2990000.0,739000.0,8006000.0
Nordstrom,2022,2022-01-31,14789000.0,9344000.0,4953000.0,492000.0,178000.0,2289000.0,3172000.0,8869000.0,3314000.0,581000.0,8288000.0
Nordstrom,2021,2021-01-31,10715000.0,7600000.0,4162000.0,-1047000.0,-690000.0,1863000.0,3642000.0,9538000.0,4120000.0,305000.0,9233000.0
Dillard's,2024,2024-01-31,6874420.0,4031108.0,1738984.0,924755.0,738847.0,1093999.0,2208210.0,3448906.0,827756.0,1697068.0,1751838.0
Dillard's,2023,2023-01-31,6996215.0,3983598.0,1697486.0,1126691.0,891637.0,1120208.0,2071846.0,3329150.0,858961.0,1598638.0,1730512.0
Dillard's,2022,2022-01-31,6624267.0,3747665.0,1559148.0,1118133.0,862473.0,1080178.0,1914651.0,3245557.0,966186.0,1451218.0,1794339.0
Dillard's,2021,2021-01-31,4433185.0,3069063.0,1233657.0,-82913.0,-71654.0,1087763.0,1661940.0,3092515.0,772877.0,1441008.0,1651507.0
Kohl's,2024,2024-01-31,17476000.0,10498000.0,5512000.0,717000.0,317000.0,2880000.0,3410000.0,14009000.0,2612000.0,3893000.0,10116000.0
Kohl's,2023,2023-01-31,18098000.0,11457000.0,5587000.0,246000.0,-19000.0,3189000.0,3736000.0,14345000.0,3115000.0,3763000.0,10582000.0
Kohl's,2022,2022-01-31,19433000.0,11437000.0,5478000.0,1680000.0,938000.0,3067000.0,5023000.0,15054000.0,3286000.0,4661000.0,10393000.0
Kohl's,2021,2021-01-31,15955000.0,10360000.0,5021000.0,-300000.0,-163000.0,2590000.0,5835000.0,15337000.0,3022000.0,5196000.0,10141000.0
Amazon,2024,2023-12-31,574785000.0,480980000.0,56186000.0,36852000.0,30425000.0,33318000.0,172351000.0,527854000.0,164917000.0,201875000.0,325979000.0
Amazon,2023,2022-12-31,513983000.0,446343000.0,54129000.0,12248000.0,-2722000.0,34405000.0,146791000.0,462675000.0,155393000.0,146043000.0,316632000.0
Amazon,2022,2021-12-31,469822000.0,403507000.0,41374000.0,24879000.0,33364000.0,32640000.0,161580000.0,420549000.0,142266000.0,138245000.0,282304000.0
Amazon,2021,2020-12-31,386064000.0,334564000.0,28676000.0,22899000.0,21331000.0,23795000.0,132733000.0,321195000.0,126385000.0,93404000.0,227791000.0
Wayfair,2024,2023-12-31,12003000.0,8336000.0,3844000.0,-734000.0,-738000.0,75000.0,1855000.0,3474000.0,2183000.0,-2707000.0,6181000.0
Wayfair,2023,2022-12-31,12218000.0,8802000.0,4098000.0,-1314000.0,-1331000.0,90000.0,1933000.0,3580000.0,2072000.0,-2550000.0,6130000.0
Wayfair,2022,2021-12-31,13708000.0,9813000.0,3393000.0,-82000.0,-131000.0,69000.0,3012000.0,4570000.0,2217000.0,-1619000.0,6189000.0
Wayfair,2021,2020-12-31,14145000.0,10033000.0,3242000.0,360000.0,185000.0,52000.0,3046000.0,4570000.0,2166000.0,-1192000.0,5762000.0
Chewy,2024,2024-01-31,11147720.0,7986202.0,3185143.0,-23625.0,39580.0,719273.0,2104348.0,3186851.0,2110877.0,510244.0,2676607.0
Chewy,2023,2023-01-31,10119000.0,7284505.0,2778074.0,56421.0,49899.0,678005.0,1524780.0,2519818.0,1827718.0,160268.0,2359550.0
Chewy,2022,2022-01-31,8967407.0,6581936.0,2459037.0,-73566.0,-75207.0,560430.0,1323532.0,2086281.0,1644879.0,14736.0,2071545.0
Chewy,2021,2021-01-31,7146264.0,5325457.0,1911271.0,-90464.0,-92486.0,513304.0,1226778.0,1740910.0,1380862.0,-2004.0,1742914.0
Ulta Beauty,2024,2024-01-31,11207303.0,6826203.0,2694561.0,1686539.0,1291005.0,1742136.0,2836518.0,5707011.0,1658191.0,2279328.0,3427683.0
Ulta Beauty,2023,2023-01-31,10208580.0,6164070.0,2395299.0,1649211.0,1242408.0,1603451.0,2709304.0,5370411.0,1681775.0,1959811.0,3410600.0
Ulta Beauty,2022,2022-01-31,8630889.0,5262335.0,2061545.0,1307009.0,985837.0,1499218.0,2281183.0,4764379.0,1558010.0,1535373.0,3229006.0
Ulta Beauty,2021,2021-01-31,6151953.0,4202794.0,1583017.0,366142.0,175835.0,1168215.0,2514777.0,5089969.0,1343713.0,1999549.0,3090420.0
Bath & Body Works,2024,2024-01-31,7429000.0,4193000.0,1951000.0,1285000.0,878000.0,710000.0,2115000.0,5463000.0,1289000.0,-1627000.0,7089000.0
Bath & Body Works,2023,2023-01-31,7560000.0,4305000.0,1879000.0,1376000.0,800000.0,709000.0,2266000.0,5494000.0,1379000.0,-2206000.0,7699000.0
Bath & Body Works,2022,2022-01-31,7882000.0,4027000.0,1846000.0,2009000.0,1333000.0,709000.0,3009000.0,6026000.0,1290000.0,-1518000.0,7543000.0
Bath & Body Works,2021,2021-01-31,6434000.0,3338000.0,1492000.0,1604000.0,844000.0,572000.0,5579000.0,11571000.0,2826000.0,-662000.0,12232000.0
Victoria's Secret,2024,2024-01-31,6182000.0,3940000.0,1996000.0,246000.0,109000.0,985000.0,1533000.0,4600000.0,1614000.0,417000.0,4162000.0
Victoria's Secret,2023,2023-01-31,6344000.0,4086000.0,1780000.0,478000.0,348000.0,1052000.0,1737000.0,4711000.0,1579000.0,383000.0,4310000.0
Victoria's Secret,2022,2022-01-31,6785000.0,4025000.0,1890000.0,870000.0,646000.0,949000.0,1691000.0,4344000.0,1698000.0,257000.0,4087000.0
Victoria's Secret,2021,2021-01-31,5413000.0,3842000.0,1672000.0,-101000.0,-72000.0,701000.0,1239000.0,4229000.0,1556000.0,891000.0,3338000.0
Signet Jewelers,2024,2024-01-31,7171100.0,4345700.0,2197700.0,627700.0,810400.0,1936600.0,3536600.0,6813200.0,1976000.0,2822000.0,3991200.0
Signet Jewelers,2023,2023-01-31,7842100.0,4790000.0,2214600.0,837500.0,376700.0,2150300.0,3507100.0,6620400.0,2248100.0,2232400.0,4388000.0
Signet Jewelers,2022,2022-01-31,7826000.0,4702000.0,2230900.0,901700.0,769900.0,2060400.0,3730400.0,6575100.0,2070700.0,2216100.0,4359000.0
Signet Jewelers,2021,2021-01-31,5226900.0,3494400.0,1587400.0,145100.0,-15200.0,2032500.0,3582000.0,6178900.0,1998700.0,1832600.0,4346300.0
Tapestry,2024,2024-06-30,6671200.0,1781700.0,3749400.0,1140100.0,816000.0,824800.0,8803700.0,13396300.0,1711600.0,2896900.0,10499400.0
Tapestry,2023,2023-06-30,6660900.0,1946000.0,3542500.0,1172400.0,936000.0,919500.0,2363500.0,7116800.0,1286500.0,2277800.0,4839000.0
Tapestry,2022,2022-06-30,6684500.0,2034100.0,3474600.0,1175800.0,856300.0,994200.0,2573800.0,7265300.0,1468800.0,2285500.0,4979800.0
Tapestry,2021,2021-06-30,5746300.0,1664400.0,3113900.0,968000.0,834200.0,734800.0,3375300.0,8382400.0,1425800.0,3259300.0,5123100.0
Capri Holdings,2024,2024-03-31,5170000.0,1831000.0,2784000.0,367000.0,-229000.0,862000.0,1608000.0,6689000.0,1695000.0,1599000.0,5089000.0
Capri Holdings,2023,2023-03-31,5619000.0,1895000.0,2708000.0,837000.0,616000.0,1057000.0,1870000.0,7295000.0,1450000.0,1848000.0,5446000.0
Capri Holdings,2022,2022-03-31,5654000.0,1910000.0,2533000.0,1018000.0,822000.0,1096000.0,1891000.0,7480000.0,1566000.0,2559000.0,4922000.0
Capri Holdings,2021,2021-03-31,4060000.0,1463000.0,2018000.0,367000.0,-62000.0,736000.0,1546000.0,7481000.0,1621000.0,2158000.0,5324000.0
Lululemon,2024,2024-01-31,9619278.0,4009873.0,3397218.0,2207177.0,1550190.0,1323602.0,4060577.0,7091941.0,1631261.0,4232081.0,2859860.0
Lululemon,2023,2023-01-31,8110518.0,3618178.0,2757447.0,1726141.0,854800.0,1447367.0,3159453.0,5607038.0,1492198.0,3148799.0,2458239.0
Lululemon,2022,2022-01-31,6256617.0,2648052.0,2225034.0,1374749.0,975322.0,966481.0,2614853.0,4942478.0,1405334.0,2740046.0,2202432.0
Lululemon,2021,2021-01-31,4401879.0,1937888.0,1609003.0,849828.0,588913.0,647230.0,2124379.0,4185215.0,883178.0,2558566.0,1626649.0
Boot Barn,2024,2024-03-31,1667009.0,1052585.0,416210.0,198214.0,146996.0,599120.0,729649.0,1705592.0,312808.0,943643.0,761949.0
Boot Barn,2023,2023-03-31,1657615.0,1047043.0,378785.0,231787.0,170553.0,589494.0,669173.0,1517381.0,374842.0,776450.0,740931.0
Boot Barn,2022,2022-03-31,1488256.0,913183.0,316735.0,258338.0,192450.0,474300.0,541831.0,1199855.0,336468.0,599676.0,600179.0
Boot Barn,2021,2021-03-31,893491.0,598612.0,208553.0,86326.0,59386.0,275760.0,374456.0,933581.0,221656.0,394891.0,538690.0
Foot Locker,2024,2024-01-31,8168000.0,5895000.0,1852000.0,222000.0,-330000.0,1509000.0,2225000.0,6868000.0,1291000.0,2890000.0,3978000.0
Foot Locker,2023,2023-01-31,8759000.0,5955000.0,1903000.0,693000.0,342000.0,1643000.0,2521000.0,7907000.0,1610000.0,3293000.0,4614000.0
Foot Locker,2022,2022-01-31,8968000.0,5878000.0,1851000.0,1042000.0,893000.0,1266000.0,2363000.0,8135000.0,1735000.0,3239000.0,4892000.0
Foot Locker,2021,2021-01-31,7554000.0,5365000.0,1587000.0,426000.0,323000.0,923000.0,2835000.0,7043000.0,1644000.0,2771000.0,4267000.0
Nike,2024,2024-05-31,51362000.0,28475000.0,16576000.0,6311000.0,5700000.0,7519000.0,25382000.0,38110000.0,10593000.0,14430000.0,23680000.0
Nike,2023,2023-05-31,51217000.0,28925000.0,16377000.0,5915000.0,5070000.0,8454000.0,25202000.0,37531000.0,9256000.0,14004000.0,23527000.0
Nike,2022,2022-05-31,46710000.0,25231000.0,14804000.0,6675000.0,6046000.0,8420000.0,28213000.0,40321000.0,10730000.0,15281000.0,25040000.0
Nike,2021,2021-05-31,44538000.0,24576000.0,13025000.0,6937000.0,5727000.0,6854000.0,26291000.0,37740000.0,9674000.0,12767000.0,24973000.0
Abercrombie & Fitch,2024,2024-01-31,4280677.0,1587265.0,2214614.0,484671.0,328123.0,469466.0,1537265.0,2974233.0,966820.0,1035160.0,1924246.0
Abercrombie & Fitch,2023,2023-01-31,3697751.0,1593213.0,2014564.0,92648.0,2816.0,505621.0,1228018.0,2713100.0,902200.0,694841.0,2006531.0
Abercrombie & Fitch,2022,2022-01-31,3712768.0,1400773.0,1977238.0,343084.0,263010.0,525864.0,1507759.0,2939491.0,1015240.0,826090.0,2102167.0
Abercrombie & Fitch,2021,2021-01-31,3125384.0,1234179.0,1843791.0,52468.0,-114021.0,404053.0,1661629.0,3314902.0,959399.0,936628.0,2365590.0
American Eagle,2024,2024-01-31,5261770.0,3237192.0,1433300.0,364412.0,170038.0,640662.0,1433350.0,3557909.0,891172.0,1736759.0,1821150.0
American Eagle,2023,2023-01-31,4989833.0,3244585.0,1269095.0,269256.0,125136.0,585083.0,1100241.0,3420956.0,768948.0,1599163.0,1821793.0
American Eagle,2022,2022-01-31,5010785.0,3018995.0,1222000.0,603009.0,419629.0,553458.0,1396924.0,3786643.0,842871.0,1423672.0,2362971.0
American Eagle,2021,2021-01-31,3759113.0,2610966.0,977264.0,8481.0,-209274.0,405445.0,1522643.0,3434806.0,858482.0,1086665.0,2348141.0
Urban Outfitters,2024,2024-01-31,5153237.0,3437833.0,1339205.0,376199.0,287674.0,550242.0,1282503.0,4111209.0,994205.0,2112540.0,1998669.0
Urban Outfitters,2023,2023-01-31,4795244.0,3368028.0,1200593.0,226623.0,159699.0,587510.0,1237719.0,3682912.0,890374.0,1792683.0,1890229.0
Urban Outfitters,2022,2022-01-31,4548763.0,3054813.0,1085384.0,408566.0,310616.0,569699.0,1285747.0,3791347.0,981473.0,1745740.0,2045607.0
Urban Outfitters,2021,2021-01-31,3449749.0,2587843.0,857934.0,3972.0,1236.0,389618.0,1223332.0,3546345.0,906132.0,1477358.0,2068987.0
Levi Strauss,2024,2023-11-30,6179000.0,2663300.0,3070900.0,444800.0,249600.0,1290100.0,2637600.0,6053600.0,1787500.0,2046400.0,4007200.0
Levi Strauss,2023,2022-11-30,6168600.0,2619800.0,2881600.0,667200.0,569100.0,1416800.0,2827900.0,6037800.0,1981600.0,1903700.0,4134100.0
Levi Strauss,2022,2021-11-30,5763936.0,2417225.0,2646800.0,699911.0,553541.0,898000.0,2709900.0,5900100.0,1869600.0,1665700.0,4234400.0
Levi Strauss,2021,2020-11-30,4452609.0,2099685.0,2272037.0,80887.0,-127141.0,817692.0,3126241.0,5641241.0,1548882.0,1299475.0,4341766.0
Dick's Sporting Goods,2024,2024-01-31,12984399.0,8450664.0,3204108.0,1282365.0,1046519.0,2848797.0,4890049.0,9311752.0,2752394.0,2617281.0,6694471.0
Dick's Sporting Goods,2023,2023-01-31,12368198.0,8083640.0,2805462.0,1463019.0,1043138.0,2830917.0,4963186.0,8992196.0,2641446.0,2524623.0,6467573.0
Dick's Sporting Goods,2022,2022-01-31,12293368.0,7581482.0,2664083.0,2034503.0,1519871.0,2297609.0,5106656.0,9041676.0,2712680.0,2101586.0,6940090.0
Dick's Sporting Goods,2021,2021-01-31,9584019.0,6533312.0,2298534.0,741477.0,530251.0,1953568.0,3759650.0,7752859.0,2550198.0,2339534.0,5413325.0
Academy Sports,2024,2024-01-31,6159291.0,4049080.0,1432356.0,677855.0,519190.0,1194159.0,1644900.0,4676713.0,879858.0,1954650.0,2722063.0
Academy Sports,2023,2023-01-31,6395073.0,4182571.0,1365953.0,846549.0,628001.0,1283517.0,1686675.0,4595439.0,1038716.0,1628306.0,2967133.0
Academy Sports,2022,2022-01-31,6773128.0,4422033.0,1443148.0,907947.0,671381.0,1171808.0,1715747.0,4584940.0,1127110.0,1466946.0,3117994.0
Academy Sports,2021,2021-01-31,5689233.0,3955188.0,1313647.0,420398.0,308764.0,990034.0,1415020.0,4384482.0,1167093.0,1111983.0,3272499.0
Best Buy,2024,2024-01-31,43452000.0,33849000.0,7876000.0,1727000.0,1241000.0,4958000.0,7897000.0,14967000.0,7909000.0,3053000.0,11914000.0
Best Buy,2023,2023-01-31,46298000.0,36386000.0,7970000.0,1942000.0,1419000.0,5140000.0,8802000.0,15803000.0,8979000.0,2795000.0,13008000.0
Best Buy,2022,2022-01-31,51761000.0,40121000.0,8635000.0,3005000.0,2454000.0,5965000.0,10539000.0,17504000.0,10674000.0,3020000.0,14484000.0
Best Buy,2021,2021-01-31,47262000.0,36689000.0,7928000.0,2645000.0,1798000.0,5612000.0,12540000.0,19067000.0,10521000.0,4587000.0,14480000.0
YETI,2024,2023-12-31,1658713.0,715527.0,717728.0,225458.0,169885.0,337208.0,914405.0,1297192.0,398353.0,723610.0,573582.0
YETI,2023,2022-12-31,1595222.0,831821.0,637040.0,126361.0,89693.0,371412.0,718920.0,1076765.0,409040.0,526477.0,550288.0
YETI,2022,2021-12-31,1410989.0,594876.0,541175.0,274938.0,212602.0,318864.0,770167.0,1096364.0,403713.0,517823.0,578541.0
YETI,2021,2020-12-31,1091721.0,462918.0,414570.0,214233.0,155801.0,140111.0,476497.0,737067.0,287759.0,288418.0,448649.0
Sherwin-Williams,2024,2023-12-31,23051900.0,12293800.0,7071000.0,3606400.0,2388800.0,2329800.0,5512900.0,22954400.0,6626900.0,3715800.0,19238600.0
Sherwin-Williams,2023,2022-12-31,22148900.0,12823800.0,6331600.0,3000600.0,2020100.0,2626500.0,5907700.0,22594000.0,5960700.0,3102100.0,19491900.0
Sherwin-Williams,2022,2021-12-31,19944600.0,11401900.0,5882000.0,2664700.0,1864400.0,1927200.0,5053700.0,20666700.0,5719500.0,2437200.0,18229500.0
Sherwin-Williams,2021,2020-12-31,18361700.0,9679100.0,5477900.0,2854200.0,2030400.0,1804100.0,4591400.0,20401600.0,4594400.0,3610800.0,16790800.0
RH,2024,2024-01-31,3029126.0,1640107.0,1022948.0,366071.0,127561.0,754126.0,1101902.0,4143897.0,872868.0,-297394.0,4441291.0
RH,2023,2023-01-31,3590477.0,1778492.0,1089828.0,722157.0,528642.0,801841.0,2512664.0,5309289.0,885973.0,784661.0,4524628.0
RH,2022,2022-01-31,3758820.0,1903409.0,928230.0,927181.0,688546.0,734289.0,3091442.0,5540470.0,1063758.0,1170277.0,4370193.0
RH,2021,2021-01-31,2848626.0,1523095.0,858673.0,466858.0,271815.0,544227.0,801484.0,2898313.0,921632.0,447026.0,2451287.0
Williams-Sonoma,2024,2024-01-31,7750652.0,4447051.0,2059408.0,1244193.0,949762.0,1246369.0,2719797.0,5273548.0,1880315.0,2127861.0,3145687.0
Williams-Sonoma,2023,2023-01-31,8674417.0,4996684.0,2179311.0,1498422.0,1127904.0,1456123.0,2036080.0,4663016.0,1636451.0,1701051.0,2961965.0
Williams-Sonoma,2022,2022-01-31,8245936.0,4613973.0,2178847.0,1453116.0,1126337.0,1246372.0,2323894.0,4625620.0,1771686.0,1664207.0,2961413.0
Williams-Sonoma,2021,2021-01-31,6783189.0,4146920.0,1725572.0,910697.0,680714.0,1006299.0,2467080.0,4661424.0,1848000.0,1651185.0,3010239.0
Home Depot,2024,2024-01-31,152669000.0,101709000.0,26598000.0,21689000.0,15143000.0,20976000.0,29775000.0,76530000.0,22015000.0,1044000.0,75486000.0
Home Depot,2023,2023-01-31,157403000.0,104625000.0,26284000.0,24039000.0,17105000.0,24886000.0,32471000.0,76445000.0,23110000.0,1562000.0,74883000.0
Home Depot,2022,2022-01-31,151157000.0,100325000.0,25406000.0,23040000.0,16433000.0,22068000.0,29055000.0,71876000.0,28693000.0,-1696000.0,73572000.0
Home Depot,2021,2021-01-31,132110000.0,87257000.0,24447000.0,18278000.0,12866000.0,16627000.0,28477000.0,70581000.0,23166000.0,3299000.0,67282000.0
Lowe's,2024,2024-01-31,86377000.0,57533000.0,15570000.0,11557000.0,7726000.0,16894000.0,19071000.0,41795000.0,15568000.0,-15050000.0,56845000.0
Lowe's,2023,2023-01-31,97059000.0,64802000.0,20332000.0,10159000.0,6437000.0,18532000.0,21442000.0,43708000.0,19511000.0,-14254000.0,57962000.0
Lowe's,2022,2022-01-31,96250000.0,64194000.0,18301000.0,12093000.0,8442000.0,17605000.0,20060000.0,44640000.0,19668000.0,-4816000.0,49456000.0
Lowe's,2021,2021-01-31,89597000.0,60025000.0,18526000.0,9647000.0,5835000.0,16193000.0,22326000.0,46735000.0,18730000.0,1437000.0,45298000.0
Tractor Supply,2024,2023-12-31,14555741.0,9327522.0,3356258.0,1478912.0,1107226.0,2645854.0,3263939.0,9188151.0,2177082.0,2149762.0,7038389.0
Tractor Supply,2023,2022-12-31,14204717.0,9232513.0,3194199.0,1434943.0,1088712.0,2709597.0,3157775.0,8489990.0,2376212.0,2042416.0,6447574.0
Tractor Supply,2022,2021-12-31,12731105.0,8253952.0,2900297.0,1306698.0,997114.0,2191192.0,3250440.0,7767467.0,2064842.0,2002665.0,5764802.0
Tractor Supply,2021,2020-12-31,10620352.0,6858803.0,2478524.0,1065901.0,748958.0,1783270.0,3258685.0,7049116.0,1743798.0,1923840.0,5125276.0
Kroger,2024,2024-01-31,150039000.0,116675000.0,891000.0,3096000.0,2164000.0,7105000.0,12948000.0,50505000.0,16058000.0,11615000.0,38904000.0
Kroger,2023,2023-01-31,148258000.0,116480000.0,839000.0,4126000.0,2244000.0,7560000.0,12670000.0,49623000.0,17238000.0,10042000.0,39609000.0
Kroger,2022,2022-01-31,137888000.0,107539000.0,845000.0,3477000.0,1655000.0,6783000.0,12174000.0,49086000.0,16323000.0,9452000.0,39657000.0
Kroger,2021,2021-01-31,132498000.0,101597000.0,874000.0,2780000.0,2585000.0,7063000.0,12503000.0,48662000.0,15366000.0,9576000.0,39112000.0
Albertsons,2024,2024-02-29,79237700.0,57192000.0,19932900.0,2112800.0,1296000.0,4945200.0,6287500.0,26221100.0,7457700.0,2747500.0,23473600.0
Albertsons,2023,2023-02-28,77649700.0,55894100.0,19596000.0,2159600.0,1513500.0,4782000.0,6270400.0,26168200.0,8428800.0,1656400.0,24511800.0
Albertsons,2022,2022-02-28,71887000.0,51164600.0,18300500.0,2421900.0,1619600.0,4500800.0,8366400.0,28123000.0,8348500.0,3705700.0,24417300.0
Albertsons,2021,2021-02-28,69690400.0,49275900.0,18835800.0,1578700.0,850200.0,4301300.0,6988000.0,26598000.0,6832200.0,2168600.0,24429400.0
Walgreens,2024,2024-08-31,147658000.0,121134000.0,28113000.0,-1589000.0,-8636000.0,8320000.0,18335000.0,81037000.0,26953000.0,10446000.0,68856000.0
Walgreens,2023,2023-08-31,139081000.0,112009000.0,34205000.0,-7133000.0,-3080000.0,8257000.0,15503000.0,96628000.0,24535000.0,20021000.0,68138000.0
Walgreens,2022,2022-08-31,132703000.0,104437000.0,27295000.0,970000.0,4337000.0,8353000.0,16902000.0,90124000.0,22583000.0,25275000.0,59716000.0
Walgreens,2021,2021-08-31,132509000.0,104442000.0,24586000.0,3481000.0,2542000.0,8159000.0,15814000.0,81285000.0,22054000.0,23419000.0,57145000.0
CVS,2024,2023-12-31,357776000.0,303345000.0,14599000.0,8344000.0,18025000.0,67858000.0,249728000.0,79189000.0,76461000.0,173092000.0
CVS,2023,2022-12-31,322467000.0,267965000.0,16290000.0,4311000.0,19090000.0,65633000.0,228275000.0,69421000.0,71469000.0,156506000.0
CVS,2022,2021-12-31,292111000.0,239991000.0,15099000.0,8001000.0,17760000.0,60008000.0,232999000.0,67807000.0,75075000.0,157618000.0
CVS,2021,2020-12-31,268706000.0,219660000.0,13911000.0,7179000.0,18496000.0,56369000.0,230715000.0,62017000.0,69389000.0,161014000.0
Louis Vuitton,2024,2023-12-31,86153000.0,26876000.0,36482000.0,22781000.0,15174000.0,22952000.0,43710000.0,143694000.0,33145000.0,61017000.0,80993000.0
Louis Vuitton,2023,2022-12-31,79183000.0,24988000.0,33178000.0,21014000.0,14084000.0,20319000.0,39740000.0,134646000.0,31543000.0,55111000.0,78042000.0
Louis Vuitton,2022,2021-12-31,64215000.0,20355000.0,26722000.0,17122000.0,12036000.0,16548000.0,34301000.0,125311000.0,27989000.0,47119000.0,76402000.0
Louis Vuitton,2021,2020-12-31,44651000.0,15871000.0,20433000.0,8312000.0,4702000.0,13015000.0,39973000.0,108671000.0,25318000.0,37412000.0,69842000.0
Inditex/Zara,2024,2024-01-31,35947000.0,15186000.0,3368000.0,6913000.0,5381000.0,2966000.0,16016000.0,32735000.0,8937000.0,18642000.0,14063000.0
Inditex/Zara,2023,2023-01-31,32569000.0,14011000.0,3105000.0,5894000.0,4130000.0,3191000.0,14639000.0,29983000.0,8137000.0,17008000.0,12950000.0
Inditex/Zara,2022,2022-01-31,27716000.0,11902000.0,3030000.0,4282000.0,3243000.0,3042000.0,13602000.0,28945000.0,8030000.0,15733000.0,13186000.0
Inditex/Zara,2021,2021-01-31,20402000.0,9013000.0,2422000.0,1507000.0,1106000.0,2321000.0,10957000.0,26418000.0,6338000.0,14520000.0,11868000.0
H&M,2024,2023-11-30,236035000.0,115139000.0,107330000.0,13566000.0,8752000.0,37358000.0,80529000.0,181273000.0,67927000.0,47519000.0,133672000.0
H&M,2023,2022-11-30,223553000.0,110183000.0,105932000.0,7438000.0,3566000.0,42495000.0,79523000.0,182048000.0,68335000.0,50757000.0,131291000.0
H&M,2022,2021-11-30,198967000.0,93961000.0,89751000.0,15255000.0,11010000.0,37306000.0,78986000.0,179781000.0,60997000.0,60018000.0,119763000.0
H&M,2021,2020-11-30,187031000.0,93487000.0,90445000.0,3099000.0,1243000.0,38209000.0,65358000.0,174371000.0,56257000.0,54623000.0,119748000.0
Adidas,2024,2023-12-31,21427000.0,11244000.0,9914000.0,279000.0,-75000.0,4525000.0,9809000.0,18020000.0,8043000.0,4580000.0,13095000.0
Adidas,2023,2022-12-31,22511000.0,11867000.0,10015000.0,729000.0,612000.0,5973000.0,11732000.0,20296000.0,9257000.0,4991000.0,14945000.0
Adidas,2022,2021-12-31,21234000.0,10469000.0,8810000.0,1989000.0,2116000.0,4009000.0,13944000.0,22137000.0,8965000.0,7519000.0,14300000.0
Adidas,2021,2020-12-31,18435000.0,9213000.0,8353000.0,853000.0,432000.0,4397000.0,12154000.0,21053000.0,8827000.0,6454000.0,14362000.0
Aritzia,2024,2024-02-29,2332350.0,1433369.0,740567.0,158414.0,78780.0,340145.0,566220.0,1946133.0,403432.0,807495.0,1138638.0
Aritzia,2023,2023-02-28,2195630.0,1281638.0,626838.0,287154.0,187588.0,467634.0,611848.0,1836543.0,417300.0,685787.0,1150756.0
Aritzia,2022,2022-02-28,1494630.0,839678.0,418933.0,236019.0,156917.0,208125.0,521536.0,1424586.0,387325.0,530811.0,893775.0
Aritzia,2021,2021-02-28,857323.0,544818.0,261417.0,51088.0,19227.0,171821.0,355341.0,1140737.0,249195.0,360263.0,780474.0
Ahold Delhaize,2024,2023-12-31,88649000.0,64880000.0,21422000.0,2347000.0,1874000.0,4584000.0,11463000.0,47821000.0,15610000.0,14755000.0,33066000.0
Ahold Delhaize,2023,2022-12-31,86984000.0,63689000.0,20190000.0,3105000.0,2546000.0,4612000.0,10818000.0,48555000.0,15082000.0,15405000.0,33150000.0
Ahold Delhaize,2022,2021-12-31,75600000.0,54916000.0,17896000.0,2789000.0,2246000.0,3727000.0,9584000.0,45712000.0,14179000.0,13720000.0,31992000.0
Ahold Delhaize,2021,2020-12-31,74736000.0,54160000.0,18855000.0,1720000.0,1397000.0,3245000.0,8928000.0,40692000.0,12812000.0,12432000.0,28260000.0
ASOS,2024,2024-08-31,2905800.0,1743300.0,1496400.0,-331900.0,-338700.0,520300.0,1146400.0,2271200.0,714000.0,521300.0,1749900.0
ASOS,2023,2023-08-31,3549500.0,2090500.0,1709500.0,-248500.0,-223100.0,768000.0,1234500.0,2625600.0,715200.0,866700.0,1758900.0
ASOS,2022,2022-08-31,3936500.0,2219000.0,1694000.0,33400.0,-30800.0,1078400.0,1554000.0,2996900.0,1040000.0,1014900.0,1982000.0
ASOS,2021,2021-08-31,3910500.0,2134100.0,1586300.0,190100.0,128400.0,807100.0,1559700.0,2884500.0,998000.0,1034000.0,1850500.0
